--DROP DATABASE blockoo;

CREATE DATABASE blockoo CHARACTER SET UTF8;
CREATE USER blockoo_app@localhost IDENTIFIED BY 'blockoo_@pp_123';
GRANT ALL PRIVILEGES ON blockoo.* TO blockoo_app@localhost;
FLUSH PRIVILEGES;

--python manage.py createsuperuser
--python manage.py makemigrations
--python manage.py sqlmigrate blockoo_site 0001_initial
--python manage.py migrate

-- initial board state
INSERT INTO blockoo_site_boardstate (id, activePlayerInGameId, boardState) VALUES (
    0,0,
    "-1|-1|-1|-1|-1|-1|-1|-1|-1|-1|-1|-1|-1|-1|-1|-1|-1|-1|-1|-1
-1|-1|-1|-1|-1|-1|-1|-1|-1|-1|-1|-1|-1|-1|-1|-1|-1|-1|-1|-1
-1|-1|-1|-1|-1|-1|-1|-1|-1|-1|-1|-1|-1|-1|-1|-1|-1|-1|-1|-1
-1|-1|-1|-1|-1|-1|-1|-1|-1|-1|-1|-1|-1|-1|-1|-1|-1|-1|-1|-1
-1|-1|-1|-1|-1|-1|-1|-1|-1|-1|-1|-1|-1|-1|-1|-1|-1|-1|-1|-1
-1|-1|-1|-1|-1|-1|-1|-1|-1|-1|-1|-1|-1|-1|-1|-1|-1|-1|-1|-1
-1|-1|-1|-1|-1|-1|-1|-1|-1|-1|-1|-1|-1|-1|-1|-1|-1|-1|-1|-1
-1|-1|-1|-1|-1|-1|-1|-1|-1|-1|-1|-1|-1|-1|-1|-1|-1|-1|-1|-1
-1|-1|-1|-1|-1|-1|-1|-1|-1|-1|-1|-1|-1|-1|-1|-1|-1|-1|-1|-1
-1|-1|-1|-1|-1|-1|-1|-1|-1|-1|-1|-1|-1|-1|-1|-1|-1|-1|-1|-1
-1|-1|-1|-1|-1|-1|-1|-1|-1|-1|-1|-1|-1|-1|-1|-1|-1|-1|-1|-1
-1|-1|-1|-1|-1|-1|-1|-1|-1|-1|-1|-1|-1|-1|-1|-1|-1|-1|-1|-1
-1|-1|-1|-1|-1|-1|-1|-1|-1|-1|-1|-1|-1|-1|-1|-1|-1|-1|-1|-1
-1|-1|-1|-1|-1|-1|-1|-1|-1|-1|-1|-1|-1|-1|-1|-1|-1|-1|-1|-1
-1|-1|-1|-1|-1|-1|-1|-1|-1|-1|-1|-1|-1|-1|-1|-1|-1|-1|-1|-1
-1|-1|-1|-1|-1|-1|-1|-1|-1|-1|-1|-1|-1|-1|-1|-1|-1|-1|-1|-1
-1|-1|-1|-1|-1|-1|-1|-1|-1|-1|-1|-1|-1|-1|-1|-1|-1|-1|-1|-1
-1|-1|-1|-1|-1|-1|-1|-1|-1|-1|-1|-1|-1|-1|-1|-1|-1|-1|-1|-1
-1|-1|-1|-1|-1|-1|-1|-1|-1|-1|-1|-1|-1|-1|-1|-1|-1|-1|-1|-1
-1|-1|-1|-1|-1|-1|-1|-1|-1|-1|-1|-1|-1|-1|-1|-1|-1|-1|-1|-1");

INSERT INTO blockoo_site_piece (id) VALUES
('0'),
('03'),
('035'),
('033'),
('0333'),
('0335'),
('0353'),
('0531'),
('0336'),
('05336'),
('03333'),
('03335'),
('05331'),
('03353'),
('03363'),
('03365'),
('03355'),
('03553'),
('03535'),
('03146'),
('03336');

INSERT INTO blockoo_site_player (id, inGameId, color, board_id) VALUES
(0, null, "green", 0),
(1, null, "red", 0),
(2, null, "blue", 0),
(3, null, "yellow", 0);

INSERT INTO blockoo_site_playerpiece (player_id, piece_id) VALUES
(0, '0'),
(0, '03'),
(0, '035'),
(0, '033'),
(0, '0333'),
(0, '0335'),
(0, '0353'),
(0, '0531'),
(0, '0336'),
(0, '05336'),
(0, '03333'),
(0, '03335'),
(0, '05331'),
(0, '03353'),
(0, '03363'),
(0, '03365'),
(0, '03355'),
(0, '03553'),
(0, '03535'),
(0, '03146'),
(0, '03336'),

(1, '0'),
(1, '03'),
(1, '035'),
(1, '033'),
(1, '0333'),
(1, '0335'),
(1, '0353'),
(1, '0531'),
(1, '0336'),
(1, '05336'),
(1, '03333'),
(1, '03335'),
(1, '05331'),
(1, '03353'),
(1, '03363'),
(1, '03365'),
(1, '03355'),
(1, '03553'),
(1, '03535'),
(1, '03146'),
(1, '03336'),

(2, '0'),
(2, '03'),
(2, '035'),
(2, '033'),
(2, '0333'),
(2, '0335'),
(2, '0353'),
(2, '0531'),
(2, '0336'),
(2, '05336'),
(2, '03333'),
(2, '03335'),
(2, '05331'),
(2, '03353'),
(2, '03363'),
(2, '03365'),
(2, '03355'),
(2, '03553'),
(2, '03535'),
(2, '03146'),
(2, '03336'),

(3, '0'),
(3, '03'),
(3, '035'),
(3, '033'),
(3, '0333'),
(3, '0335'),
(3, '0353'),
(3, '0531'),
(3, '0336'),
(3, '05336'),
(3, '03333'),
(3, '03335'),
(3, '05331'),
(3, '03353'),
(3, '03363'),
(3, '03365'),
(3, '03355'),
(3, '03553'),
(3, '03535'),
(3, '03146'),
(3, '03336');